[
    {
        "model": "SEL4C.Institution",
        "pk": 1,
        "fields": {
            "name": "Tecnológico de Monterrey (ITESM)"
        }
    },
    {
        "model": "SEL4C.Institution",
        "pk": 2,
        "fields": {
            "name": "Universidad Nacional Autónoma de México (UNAM)"
        }
    },
    {
        "model": "SEL4C.Institution",
        "pk": 3,
        "fields": {
            "name": "Universidad de las Américas Puebla (UDLAP)"
        }
    },
    {
        "model": "SEL4C.Institution",
        "pk": 4,
        "fields": {
            "name": "Benemérita Universidad Autónoma de Puebla (BUAP)"
        }
    },
    {
        "model": "SEL4C.Institution",
        "pk": 5,
        "fields": {
            "name": "Instituto Politécnico Nacional (IPN)"
        }
    },
    {
        "model": "SEL4C.Institution",
        "pk": 6,
        "fields": {
            "name": "Universidad Autónoma de Guadalajara (UAG)"
        }
    },
    {
        "model": "SEL4C.Discipline",
        "pk": 1,
        "fields": {
            "name": "Ingeniería Electrónica"
        }
    },
    {
        "model": "SEL4C.Discipline",
        "pk": 2,
        "fields": {
            "name": "Ciencias de la Computación"
        }
    },
    {
        "model": "SEL4C.Discipline",
        "pk": 3,
        "fields": {
            "name": "Arquitectura"
        }
    },
    {
        "model": "SEL4C.Discipline",
        "pk": 4,
        "fields": {
            "name": "Psicología"
        }
    },
    {
        "model": "SEL4C.Degree",
        "pk": 1,
        "fields": {
            "type": "M",
            "name": "Maestría"
        }
    },
    {
        "model": "SEL4C.Degree",
        "pk": 2,
        "fields": {
            "type": "L",
            "name": "Licenciatura"
        }
    },
    {
        "model": "SEL4C.Degree",
        "pk": 3,
        "fields": {
            "type": "D",
            "name": "Doctorado"
        }
    },
    {
        "model": "SEL4C.AvailableStudies",
        "pk": 1,
        "fields": {
            "institution": 1,
            "discipline": 1,
            "degree": 1
        }
    },
    {
        "model": "SEL4C.AvailableStudies",
        "pk": 2,
        "fields": {
            "institution": 1,
            "discipline": 1,
            "degree": 2
        }
    },
    {
        "model": "SEL4C.AvailableStudies",
        "pk": 3,
        "fields": {
            "institution": 1,
            "discipline": 2,
            "degree": 2
        }
    },
    {
        "model": "SEL4C.AvailableStudies",
        "pk": 4,
        "fields": {
            "institution": 2,
            "discipline": 2,
            "degree": 2
        }
    },
    {
        "model": "SEL4C.AvailableStudies",
        "pk": 5,
        "fields": {
            "institution": 3,
            "discipline": 1,
            "degree": 3
        }
    },
    {
        "model": "SEL4C.AvailableStudies",
        "pk": 6,
        "fields": {
            "institution": 4,
            "discipline": 4,
            "degree": 1
        }
    },
    {
        "model": "SEL4C.User",
        "pk": 1,
        "fields": {
            "username": "a123456@tec.mx",
            "name": "José",
            "first_lastname": "Martinez",
            "second_lastname": "André",
            "date_modified": "2023-10-19"
        }
    },
    {
        "model": "SEL4C.User",
        "pk": 2,
        "fields": {
            "username": "mlopez@example.com",
            "name": "María",
            "first_lastname": "López",
            "second_lastname": "García",
            "date_modified": "2023-10-19"
        }
    },
    {
        "model": "SEL4C.User",
        "pk": 3,
        "fields": {
            "username": "emartinez@example.com",
            "name": "Elena",
            "first_lastname": "Martinez",
            "second_lastname": "Gomez",
            "date_modified": "2023-10-19"
        }
    },
    {
        "model": "SEL4C.User",
        "pk": 4,
        "fields": {
            "username": "jgutierrez@example.com",
            "name": "Juan",
            "first_lastname": "Gutierrez",
            "second_lastname": "Lopez",
            "date_modified": "2023-10-19"
        }
    },
    {
        "model": "SEL4C.User",
        "pk": 5,
        "fields": {
            "username": "lrodriguez@example.com",
            "name": "Laura",
            "first_lastname": "Rodriguez",
            "second_lastname": "Santos",
            "date_modified": "2023-10-19"
        }
    },
    {
        "model": "SEL4C.Student",
        "pk": 1,
        "fields": {
            "user": 1,
            "age": 20,
            "agreed_policies": true,
            "gender": "M",
            "country": "MX",
            "studies": 2
        }
    },
    {
        "model": "SEL4C.Student",
        "pk": 2,
        "fields": {
            "user": 5,
            "age": 23,
            "agreed_policies": true,
            "gender": "F",
            "country": "MX",
            "studies": 3
        }
    },
    {
        "model": "SEL4C.Student",
        "pk": 3,
        "fields": {
            "user": 2,
            "age": 23,
            "agreed_policies": true,
            "gender": "F",
            "country": "MX",
            "studies": 3
        }
    },
    {
        "model": "SEL4C.Student",
        "pk": 4,
        "fields": {
            "user": 3,
            "age": 22,
            "agreed_policies": true,
            "gender": "F",
            "country": "MX",
            "studies": 1
        }
    },
    {
        "model": "SEL4C.Student",
        "pk": 5,
        "fields": {
            "user": 4,
            "age": 21,
            "agreed_policies": true,
            "gender": "M",
            "country": "MX",
            "studies": 6
        }
    },
    {
        "model": "SEL4C.ActivityText",
        "pk": 1,
        "fields": {
            "title": "Diagnóstico Inicial",
            "country": "MX"
        }
    },
    {
        "model": "SEL4C.ActivityText",
        "pk": 2,
        "fields": {
            "title": "Identificación",
            "country": "MX"
        }
    },
    {
        "model": "SEL4C.ActivityText",
        "pk": 3,
        "fields": {
            "title": "Investigación",
            "country": "MX"
        }
    },
    {
        "model": "SEL4C.ActivityText",
        "pk": 4,
        "fields": {
            "title": "Ideación",
            "country": "MX"
        }
    },
    {
        "model": "SEL4C.ActivityText",
        "pk": 5,
        "fields": {
            "title": "Socialización",
            "country": "MX"
        }
    },
    {
        "model": "SEL4C.ActivityText",
        "pk": 6,
        "fields": {
            "title": "Entregable final",
            "country": "MX"
        }
    },
    {
        "model": "SEL4C.ActivityText",
        "pk": 7,
        "fields": {
            "title": "Evaluación de Cierre",
            "country": "MX"
        }
    },
    {
        "model": "SEL4C.Activity",
        "pk": 1,
        "fields": {
            "activity_number": 1,
            "activity_text": 1
        }
    },
    {
        "model": "SEL4C.Activity",
        "pk": 2,
        "fields": {
            "activity_number": 2,
            "activity_text": 2
        }
    },
    {
        "model": "SEL4C.Activity",
        "pk": 3,
        "fields": {
            "activity_number": 3,
            "activity_text": 3
        }
    },
    {
        "model": "SEL4C.Activity",
        "pk": 4,
        "fields": {
            "activity_number": 4,
            "activity_text": 4
        }
    },
    {
        "model": "SEL4C.Activity",
        "pk": 5,
        "fields": {
            "activity_number": 5,
            "activity_text": 5
        }
    },
    {
        "model": "SEL4C.Activity",
        "pk": 6,
        "fields": {
            "activity_number": 6,
            "activity_text": 6
        }
    },
    {
        "model": "SEL4C.Activity",
        "pk": 7,
        "fields": {
            "activity_number": 7,
            "activity_text": 7
        }
    },
    {
        "model": "SEL4C.ExerciseStep",
        "pk": 1,
        "fields": {
            "exerciseStep_number": 1,
            "activity": 1
        }
    },
    {
        "model": "SEL4C.ExerciseStep",
        "pk": 2,
        "fields": {
            "exerciseStep_number": 1,
            "activity": 2
        }
    },
    {
        "model": "SEL4C.ExerciseStep",
        "pk": 3,
        "fields": {
            "exerciseStep_number": 2,
            "activity": 2
        }
    },
    {
        "model": "SEL4C.ExerciseStep",
        "pk": 4,
        "fields": {
            "exerciseStep_number": 3,
            "activity": 2
        }
    },
    {
        "model": "SEL4C.ExerciseStep",
        "pk": 5,
        "fields": {
            "exerciseStep_number": 1,
            "activity": 3
        }
    },
    {
        "model": "SEL4C.ExerciseStep",
        "pk": 6,
        "fields": {
            "exerciseStep_number": 2,
            "activity": 3
        }
    },
    {
        "model": "SEL4C.ExerciseStep",
        "pk": 6,
        "fields": {
            "exerciseStep_number": 3,
            "activity": 3
        }
    },
    {
        "model": "SEL4C.ExerciseStep",
        "pk": 7,
        "fields": {
            "exerciseStep_number": 4,
            "activity": 3
        }
    },
    {
        "model": "SEL4C.ExerciseStep",
        "pk": 8,
        "fields": {
            "exerciseStep_number": 1,
            "activity": 4
        }
    },
    {
        "model": "SEL4C.ExerciseStep",
        "pk": 9,
        "fields": {
            "exerciseStep_number": 1,
            "activity": 5
        }
    },
    {
        "model": "SEL4C.ExerciseStep",
        "pk": 10,
        "fields": {
            "exerciseStep_number": 2,
            "activity": 5
        }
    },
    {
        "model": "SEL4C.ExerciseStep",
        "pk": 11,
        "fields": {
            "exerciseStep_number": 1,
            "activity": 6
        }
    },
    {
        "model": "SEL4C.ExerciseStep",
        "pk": 12,
        "fields": {
            "exerciseStep_number": 1,
            "activity": 7
        }
    },
    {
        "model": "SEL4C.AnswerRating",
        "pk": 1,
        "fields": {
            "rating": 3
        }
    },
    {
        "model": "SEL4C.Answer",
        "pk": 1,
        "fields": {
            "type": "R",
            "rating_answer": 1,
            "user": 1,
            "exercise": 1,
            "activity": 1,
            "submitted": "2023-10-19"
        }
    },
    {
        "model": "SEL4C.Answer",
        "pk": 2,
        "fields": {
            "type": "R",
            "rating_answer": 1,
            "user": 1,
            "exercise": 1,
            "activity": 2,
            "submitted": "2023-10-19"
        }
    },
    {
        "model": "SEL4C.Answer",
        "pk": 3,
        "fields": {
            "type": "R",
            "rating_answer": 1,
            "user": 2,
            "exercise": 1,
            "activity": 2,
            "submitted": "2023-10-19"
        }
    }
]
